{
    "name": "root",
    "metadata": {
        "timer_format_version": "0.1.0",
        "start_time_seconds": "1754107837",
        "python_version": "3.10.12 | packaged by Anaconda, Inc. | (main, Jul  5 2023, 19:01:18) [MSC v.1916 64 bit (AMD64)]",
        "command_line_arguments": "C:\\Users\\Capta\\.conda\\envs\\mlagents\\Scripts\\mlagents-learn config/ppo/NormalEnemyCC.yaml --run-id=NormalEnemyRun1 --force",
        "mlagents_version": "1.1.0",
        "mlagents_envs_version": "1.1.0",
        "communication_protocol_version": "1.5.0",
        "pytorch_version": "2.7.0+cpu",
        "numpy_version": "1.23.5",
        "end_time_seconds": "1754108742"
    },
    "total": 904.8070699999998,
    "count": 1,
    "self": 0.007463099999768019,
    "children": {
        "run_training.setup": {
            "total": 0.08412560000033409,
            "count": 1,
            "self": 0.08412560000033409
        },
        "TrainerController.start_learning": {
            "total": 904.7154812999997,
            "count": 1,
            "self": 0.8610927999516207,
            "children": {
                "TrainerController._reset_env": {
                    "total": 15.252801999999974,
                    "count": 1,
                    "self": 15.252801999999974
                },
                "TrainerController.advance": {
                    "total": 888.481474800049,
                    "count": 44282,
                    "self": 0.41302000008363393,
                    "children": {
                        "env_step": {
                            "total": 888.0684547999654,
                            "count": 44282,
                            "self": 724.823586500167,
                            "children": {
                                "SubprocessEnvManager._take_step": {
                                    "total": 162.76192449992777,
                                    "count": 44282,
                                    "self": 2.0662567999015664,
                                    "children": {
                                        "TorchPolicy.evaluate": {
                                            "total": 160.6956677000262,
                                            "count": 44194,
                                            "self": 160.6956677000262
                                        }
                                    }
                                },
                                "workers": {
                                    "total": 0.48294379987055436,
                                    "count": 44281,
                                    "self": 0.0,
                                    "children": {
                                        "worker_root": {
                                            "total": 804.2625631999936,
                                            "count": 44281,
                                            "is_parallel": true,
                                            "self": 244.1779226999488,
                                            "children": {
                                                "steps_from_proto": {
                                                    "total": 0.0006723000005877111,
                                                    "count": 1,
                                                    "is_parallel": true,
                                                    "self": 0.00017969999953493243,
                                                    "children": {
                                                        "_process_rank_one_or_two_observation": {
                                                            "total": 0.0004926000010527787,
                                                            "count": 4,
                                                            "is_parallel": true,
                                                            "self": 0.0004926000010527787
                                                        }
                                                    }
                                                },
                                                "UnityEnvironment.step": {
                                                    "total": 560.0839682000442,
                                                    "count": 44281,
                                                    "is_parallel": true,
                                                    "self": 18.549790200267125,
                                                    "children": {
                                                        "UnityEnvironment._generate_step_input": {
                                                            "total": 8.779512299851376,
                                                            "count": 44281,
                                                            "is_parallel": true,
                                                            "self": 8.779512299851376
                                                        },
                                                        "communicator.exchange": {
                                                            "total": 468.283935699973,
                                                            "count": 44281,
                                                            "is_parallel": true,
                                                            "self": 468.283935699973
                                                        },
                                                        "steps_from_proto": {
                                                            "total": 64.47072999995271,
                                                            "count": 44281,
                                                            "is_parallel": true,
                                                            "self": 7.115729599964652,
                                                            "children": {
                                                                "_process_rank_one_or_two_observation": {
                                                                    "total": 57.35500039998806,
                                                                    "count": 177124,
                                                                    "is_parallel": true,
                                                                    "self": 57.35500039998806
                                                                }
                                                            }
                                                        }
                                                    }
                                                }
                                            }
                                        }
                                    }
                                }
                            }
                        }
                    }
                },
                "TrainerController._save_models": {
                    "total": 0.12011169999914273,
                    "count": 1,
                    "self": 0.02549069999895437,
                    "children": {
                        "RLTrainer._checkpoint": {
                            "total": 0.09462100000018836,
                            "count": 1,
                            "self": 0.09462100000018836
                        }
                    }
                }
            }
        }
    }
}