{
    "name": "root",
    "gauges": {
        "NormalEnemy.Policy.Entropy.mean": {
            "value": 1.504223346710205,
            "min": 1.4189382791519165,
            "max": 1.5043151378631592,
            "count": 50
        },
        "NormalEnemy.Policy.Entropy.sum": {
            "value": 15358.1201171875,
            "min": 14189.3828125,
            "max": 15672.5078125,
            "count": 50
        },
        "NormalEnemy.Step.mean": {
            "value": 499962.0,
            "min": 9896.0,
            "max": 499962.0,
            "count": 50
        },
        "NormalEnemy.Step.sum": {
            "value": 499962.0,
            "min": 9896.0,
            "max": 499962.0,
            "count": 50
        },
        "NormalEnemy.Policy.ExtrinsicValueEstimate.mean": {
            "value": 2.858729124069214,
            "min": -0.2758859694004059,
            "max": 2.858729124069214,
            "count": 50
        },
        "NormalEnemy.Policy.ExtrinsicValueEstimate.sum": {
            "value": 231.55706787109375,
            "min": -22.070877075195312,
            "max": 231.55706787109375,
            "count": 50
        },
        "NormalEnemy.Environment.EpisodeLength.mean": {
            "value": 868.25,
            "min": 856.2727272727273,
            "max": 999.0,
            "count": 50
        },
        "NormalEnemy.Environment.EpisodeLength.sum": {
            "value": 10419.0,
            "min": 8984.0,
            "max": 10688.0,
            "count": 50
        },
        "NormalEnemy.Environment.CumulativeReward.mean": {
            "value": 20.35000134507815,
            "min": -26.332495534420012,
            "max": 23.12450122833252,
            "count": 50
        },
        "NormalEnemy.Environment.CumulativeReward.sum": {
            "value": 244.2000161409378,
            "min": -263.32495534420013,
            "max": 250.14001515507698,
            "count": 50
        },
        "NormalEnemy.Policy.ExtrinsicReward.mean": {
            "value": 20.35000134507815,
            "min": -26.332495534420012,
            "max": 23.12450122833252,
            "count": 50
        },
        "NormalEnemy.Policy.ExtrinsicReward.sum": {
            "value": 244.2000161409378,
            "min": -263.32495534420013,
            "max": 250.14001515507698,
            "count": 50
        },
        "NormalEnemy.IsTraining.mean": {
            "value": 1.0,
            "min": 1.0,
            "max": 1.0,
            "count": 50
        },
        "NormalEnemy.IsTraining.sum": {
            "value": 1.0,
            "min": 1.0,
            "max": 1.0,
            "count": 50
        },
        "NormalEnemy.Losses.PolicyLoss.mean": {
            "value": 0.019971693988190965,
            "min": 0.01523552708036732,
            "max": 0.021527562043629586,
            "count": 23
        },
        "NormalEnemy.Losses.PolicyLoss.sum": {
            "value": 0.019971693988190965,
            "min": 0.01523552708036732,
            "max": 0.021527562043629586,
            "count": 23
        },
        "NormalEnemy.Losses.ValueLoss.mean": {
            "value": 0.012907851608470083,
            "min": 0.010875036814250052,
            "max": 4.827212510108947,
            "count": 23
        },
        "NormalEnemy.Losses.ValueLoss.sum": {
            "value": 0.012907851608470083,
            "min": 0.010875036814250052,
            "max": 4.827212510108947,
            "count": 23
        },
        "NormalEnemy.Policy.LearningRate.mean": {
            "value": 3.229609677039999e-05,
            "min": 3.229609677039999e-05,
            "max": 0.0009574400042560002,
            "count": 23
        },
        "NormalEnemy.Policy.LearningRate.sum": {
            "value": 3.229609677039999e-05,
            "min": 3.229609677039999e-05,
            "max": 0.0009574400042560002,
            "count": 23
        },
        "NormalEnemy.Policy.Epsilon.mean": {
            "value": 0.1032296,
            "min": 0.1032296,
            "max": 0.19574399999999997,
            "count": 23
        },
        "NormalEnemy.Policy.Epsilon.sum": {
            "value": 0.1032296,
            "min": 0.1032296,
            "max": 0.19574399999999997,
            "count": 23
        },
        "NormalEnemy.Policy.Beta.mean": {
            "value": 0.00033263704,
            "min": 0.00033263704,
            "max": 0.009574825600000001,
            "count": 23
        },
        "NormalEnemy.Policy.Beta.sum": {
            "value": 0.00033263704,
            "min": 0.00033263704,
            "max": 0.009574825600000001,
            "count": 23
        }
    },
    "metadata": {
        "timer_format_version": "0.1.0",
        "start_time_seconds": "1748844282",
        "python_version": "3.10.12 | packaged by Anaconda, Inc. | (main, Jul  5 2023, 19:01:18) [MSC v.1916 64 bit (AMD64)]",
        "command_line_arguments": "C:\\Users\\Zakku\\.conda\\envs\\mlagents\\Scripts\\mlagents-learn config/ppo/NormalEnemyCC.yaml --run-id=NormalEnemyRun1",
        "mlagents_version": "1.1.0",
        "mlagents_envs_version": "1.1.0",
        "communication_protocol_version": "1.5.0",
        "pytorch_version": "2.2.2+cpu",
        "numpy_version": "1.23.5",
        "end_time_seconds": "1748846258"
    },
    "total": 1975.7583441000024,
    "count": 1,
    "self": 0.05573020000156248,
    "children": {
        "run_training.setup": {
            "total": 0.1871389999978419,
            "count": 1,
            "self": 0.1871389999978419
        },
        "TrainerController.start_learning": {
            "total": 1975.515474900003,
            "count": 1,
            "self": 1.7930293998470006,
            "children": {
                "TrainerController._reset_env": {
                    "total": 21.81884590000118,
                    "count": 1,
                    "self": 21.81884590000118
                },
                "TrainerController.advance": {
                    "total": 1951.7777000001588,
                    "count": 50195,
                    "self": 0.8112227994206478,
                    "children": {
                        "env_step": {
                            "total": 1950.9664772007382,
                            "count": 50195,
                            "self": 1784.627166501672,
                            "children": {
                                "SubprocessEnvManager._take_step": {
                                    "total": 165.4030329988127,
                                    "count": 50195,
                                    "self": 6.341473798154766,
                                    "children": {
                                        "TorchPolicy.evaluate": {
                                            "total": 159.06155920065794,
                                            "count": 50080,
                                            "self": 159.06155920065794
                                        }
                                    }
                                },
                                "workers": {
                                    "total": 0.9362777002534131,
                                    "count": 50195,
                                    "self": 0.0,
                                    "children": {
                                        "worker_root": {
                                            "total": 1953.9541926003476,
                                            "count": 50195,
                                            "is_parallel": true,
                                            "self": 283.09892330026923,
                                            "children": {
                                                "steps_from_proto": {
                                                    "total": 0.0033065999996324535,
                                                    "count": 1,
                                                    "is_parallel": true,