{
    "name": "root",
    "metadata": {
        "timer_format_version": "0.1.0",
        "start_time_seconds": "1749746237",
        "python_version": "3.10.12 | packaged by Anaconda, Inc. | (main, Jul  5 2023, 19:01:18) [MSC v.1916 64 bit (AMD64)]",
        "command_line_arguments": "C:\\Users\\Capta\\.conda\\envs\\mlagents\\Scripts\\mlagents-learn config/ppo/NormalEnemyCC.yaml --run-id=NormalEnemyRun1 --force",
        "mlagents_version": "1.1.0",
        "mlagents_envs_version": "1.1.0",
        "communication_protocol_version": "1.5.0",
        "pytorch_version": "2.7.0+cpu",
        "numpy_version": "1.23.5",
        "end_time_seconds": "1749746685"
    },
    "total": 448.297875799999,
    "count": 1,
    "self": 0.004950500000632019,
    "children": {
        "run_training.setup": {
            "total": 0.07665610000003653,
            "count": 1,
            "self": 0.07665610000003653
        },
        "TrainerController.start_learning": {
            "total": 448.21626919999835,
            "count": 1,
            "self": 1.1797384995879838,
            "children": {
                "TrainerController._reset_env": {
                    "total": 10.59427610000057,
                    "count": 1,
                    "self": 10.59427610000057
                },
                "TrainerController.advance": {
                    "total": 436.3708363004098,
                    "count": 83067,
                    "self": 0.6081806001766381,
                    "children": {
                        "env_step": {
                            "total": 435.76265570023315,
                            "count": 83067,
                            "self": 365.9830139004807,
                            "children": {
                                "SubprocessEnvManager._take_step": {
                                    "total": 69.12839019978856,
                                    "count": 83068,
                                    "self": 2.8147781000188843,
                                    "children": {
                                        "TorchPolicy.evaluate": {
                                            "total": 66.31361209976967,
                                            "count": 83068,
                                            "self": 66.31361209976967
                                        }
                                    }
                                },
                                "workers": {
                                    "total": 0.6512515999638708,
                                    "count": 83066,
                                    "self": 0.0,
                                    "children": {
                                        "worker_root": {
                                            "total": 367.17663140016884,
                                            "count": 83066,
                                            "is_parallel": true,
                                            "self": 134.16530180028167,
                                            "children": {
                                                "steps_from_proto": {
                                                    "total": 0.0006959999973332742,
                                                    "count": 2,
                                                    "is_parallel": true,
                                                    "self": 0.00021579999338428024,
                                                    "children": {
                                                        "_process_rank_one_or_two_observation": {
                                                            "total": 0.000480200003948994,
                                                            "count": 8,
                                                            "is_parallel": true,
                                                            "self": 0.000480200003948994
                                                        }
                                                    }
                                                },
                                                "UnityEnvironment.step": {
                                                    "total": 233.01063359988984,
                                                    "count": 83066,
                                                    "is_parallel": true,
                                                    "self": 7.033252300007007,
                                                    "children": {
                                                        "UnityEnvironment._generate_step_input": {
                                                            "total": 4.989124899959279,
                                                            "count": 83066,
                                                            "is_parallel": true,
                                                            "self": 4.989124899959279
                                                        },
                                                        "communicator.exchange": {
                                                            "total": 200.62210789992423,
                                                            "count": 83066,
                                                            "is_parallel": true,
                                                            "self": 200.62210789992423
                                                        },
                                                        "steps_from_proto": {
                                                            "total": 20.366148499999326,
                                                            "count": 83066,
                                                            "is_parallel": true,
                                                            "self": 5.522962399325479,
                                                            "children": {
                                                                "_process_rank_one_or_two_observation": {
                                                                    "total": 14.843186100673847,
                                                                    "count": 332264,
                                                                    "is_parallel": true,
                                                                    "self": 14.843186100673847
                                                                }
                                                            }
                                                        }
                                                    }
                                                }
                                            }
                                        }
                                    }
                                }
                            }
                        }
                    }
                },
                "TrainerController._save_models": {
                    "total": 0.07141830000000482,
                    "count": 1,
                    "self": 0.007869200000641285,
                    "children": {
                        "RLTrainer._checkpoint": {
                            "total": 0.06354909999936353,
                            "count": 1,
                            "self": 0.06354909999936353
                        }
                    }
                }
            }
        }
    }
}