{
    "name": "root",
    "gauges": {
        "NormalEnemy.Policy.Entropy.mean": {
            "value": 2.805164337158203,
            "min": 2.805164337158203,
            "max": 2.8051819801330566,
            "count": 2
        },
        "NormalEnemy.Policy.Entropy.sum": {
            "value": 27426.091796875,
            "min": 27426.091796875,
            "max": 29532.95703125,
            "count": 2
        },
        "NormalEnemy.Step.mean": {
            "value": 19792.0,
            "min": 9768.0,
            "max": 19792.0,
            "count": 2
        },
        "NormalEnemy.Step.sum": {
            "value": 19792.0,
            "min": 9768.0,
            "max": 19792.0,
            "count": 2
        },
        "NormalEnemy.Policy.ExtrinsicValueEstimate.mean": {
            "value": 0.18508021533489227,
            "min": 0.13566094636917114,
            "max": 0.18508021533489227,
            "count": 2
        },
        "NormalEnemy.Policy.ExtrinsicValueEstimate.sum": {
            "value": 7.4032087326049805,
            "min": 5.29077672958374,
            "max": 7.4032087326049805,
            "count": 2
        },
        "NormalEnemy.Environment.EpisodeLength.mean": {
            "value": 999.0,
            "min": 999.0,
            "max": 999.0,
            "count": 2
        },
        "NormalEnemy.Environment.EpisodeLength.sum": {
            "value": 8991.0,
            "min": 8991.0,
            "max": 8991.0,
            "count": 2
        },
        "NormalEnemy.Environment.CumulativeReward.mean": {
            "value": 0.483762522538503,
            "min": -9.864123874240452,
            "max": 0.483762522538503,
            "count": 2
        },
        "NormalEnemy.Environment.CumulativeReward.sum": {
            "value": 4.353862702846527,
            "min": -88.77711486816406,
            "max": 4.353862702846527,
            "count": 2
        },
        "NormalEnemy.Policy.ExtrinsicReward.mean": {
            "value": 0.483762522538503,
            "min": -9.864123874240452,
            "max": 0.483762522538503,
            "count": 2
        },
        "NormalEnemy.Policy.ExtrinsicReward.sum": {
            "value": 4.353862702846527,
            "min": -88.77711486816406,
            "max": 4.353862702846527,
            "count": 2
        },
        "NormalEnemy.IsTraining.mean": {
            "value": 1.0,
            "min": 1.0,
            "max": 1.0,
            "count": 2
        },
        "NormalEnemy.IsTraining.sum": {
            "value": 1.0,
            "min": 1.0,
            "max": 1.0,
            "count": 2
        }
    },
    "metadata": {
        "timer_format_version": "0.1.0",
        "start_time_seconds": "1754319512",
        "python_version": "3.10.12 | packaged by Anaconda, Inc. | (main, Jul  5 2023, 19:01:18) [MSC v.1916 64 bit (AMD64)]",
        "command_line_arguments": "C:\\Users\\Capta\\.conda\\envs\\mlagents\\Scripts\\mlagents-learn config/ppo/NormalEnemyCC.yaml --run-id=NormalEnemyRun1 --force",
        "mlagents_version": "1.1.0",
        "mlagents_envs_version": "1.1.0",
        "communication_protocol_version": "1.5.0",
        "pytorch_version": "2.7.0+cpu",
        "numpy_version": "1.23.5",
        "end_time_seconds": "1754319644"
    },
    "total": 131.81897860000026,
    "count": 1,
    "self": 10.004480800000238,
    "children": {
        "run_training.setup": {
            "total": 0.07867119999991701,
            "count": 1,
            "self": 0.07867119999991701
        },
        "TrainerController.start_learning": {
            "total": 121.73582660000011,
            "count": 1,
            "self": 0.16945820005093992,
            "children": {
                "TrainerController._reset_env": {
                    "total": 8.620663499999864,
                    "count": 1,
                    "self": 8.620663499999864
                },
                "TrainerController.advance": {
                    "total": 112.7923275999492,
                    "count": 8931,
                    "self": 0.07662809994053532,
                    "children": {
                        "env_step": {
                            "total": 112.71569950000867,
                            "count": 8931,
                            "self": 97.46614730002784,
                            "children": {
                                "SubprocessEnvManager._take_step": {
                                    "total": 15.163978599995062,
                                    "count": 8932,
                                    "self": 0.33951979993798886,
                                    "children": {
                                        "TorchPolicy.evaluate": {
                                            "total": 14.824458800057073,
                                            "count": 8911,
                                            "self": 14.824458800057073
                                        }
                                    }
                                },
                                "workers": {
                                    "total": 0.0855735999857643,
                                    "count": 8930,
                                    "self": 0.0,
                                    "children": {
                                        "worker_root": {
                                            "total": 106.94496000003801,
                                            "count": 8930,
                                            "is_parallel": true,
                                            "self": 25.70202230009272,
                                            "children": {
                                                "steps_from_proto": {
                                                    "total": 0.0007587000000057742,
                                                    "count": 2,
                                                    "is_parallel": true,
                                                    "self": 0.0003358000012667617,
                                                    "children": {
                                                        "_process_rank_one_or_two_observation": {
                                                            "total": 0.0004228999987390125,
                                                            "count": 8,
                                                            "is_parallel": true,
                                                            "self": 0.0004228999987390125
                                                        }
                                                    }
                                                },
                                                "UnityEnvironment.step": {
                                                    "total": 81.24217899994528,
                                                    "count": 8930,
                                                    "is_parallel": true,
                                                    "self": 0.9381138999315226,
                                                    "children": {
                                                        "UnityEnvironment._generate_step_input": {
                                                            "total": 0.6612853000242467,
                                                            "count": 8930,
                                                            "is_parallel": true,
                                                            "self": 0.6612853000242467
                                                        },
                                                        "communicator.exchange": {
                                                            "total": 76.35904660001415,
                                                            "count": 8930,
                                                            "is_parallel": true,