{
    "name": "root",
    "metadata": {
        "timer_format_version": "0.1.0",
        "start_time_seconds": "1754247878",
        "python_version": "3.10.12 | packaged by Anaconda, Inc. | (main, Jul  5 2023, 19:01:18) [MSC v.1916 64 bit (AMD64)]",
        "command_line_arguments": "C:\\Users\\Capta\\.conda\\envs\\mlagents\\Scripts\\mlagents-learn config/ppo/NormalEnemyCC.yaml --run-id=NormalEnemyRun1 --force",
        "mlagents_version": "1.1.0",
        "mlagents_envs_version": "1.1.0",
        "communication_protocol_version": "1.5.0",
        "pytorch_version": "2.7.0+cpu",
        "numpy_version": "1.23.5",
        "end_time_seconds": "1754248007"
    },
    "total": 128.66472330000033,
    "count": 1,
    "self": 0.005906699996558018,
    "children": {
        "run_training.setup": {
            "total": 0.07774110000173096,
            "count": 1,
            "self": 0.07774110000173096
        },
        "TrainerController.start_learning": {
            "total": 128.58107550000204,
            "count": 1,
            "self": 0.029720299928158056,
            "children": {
                "TrainerController._reset_env": {
                    "total": 10.743323100003181,
                    "count": 1,
                    "self": 10.743323100003181
                },
                "TrainerController.advance": {
                    "total": 117.69112440007302,
                    "count": 1367,
                    "self": 0.01315230003092438,
                    "children": {
                        "env_step": {
                            "total": 117.6779721000421,
                            "count": 1367,
                            "self": 111.51821140005268,
                            "children": {
                                "SubprocessEnvManager._take_step": {
                                    "total": 6.144521999973222,
                                    "count": 1367,
                                    "self": 0.07552430001305765,
                                    "children": {
                                        "TorchPolicy.evaluate": {
                                            "total": 6.068997699960164,
                                            "count": 1364,
                                            "self": 6.068997699960164
                                        }
                                    }
                                },
                                "workers": {
                                    "total": 0.015238700016197981,
                                    "count": 1366,
                                    "self": 0.0,
                                    "children": {
                                        "worker_root": {
                                            "total": 56.877527799955715,
                                            "count": 1366,
                                            "is_parallel": true,
                                            "self": 11.353588000012678,
                                            "children": {
                                                "steps_from_proto": {
                                                    "total": 0.0007874000002630055,
                                                    "count": 1,
                                                    "is_parallel": true,
                                                    "self": 0.00019270000120741315,
                                                    "children": {
                                                        "_process_rank_one_or_two_observation": {
                                                            "total": 0.0005946999990555923,
                                                            "count": 4,
                                                            "is_parallel": true,
                                                            "self": 0.0005946999990555923
                                                        }
                                                    }
                                                },
                                                "UnityEnvironment.step": {
                                                    "total": 45.523152399942774,
                                                    "count": 1366,
                                                    "is_parallel": true,
                                                    "self": 0.6877375000331085,
                                                    "children": {
                                                        "UnityEnvironment._generate_step_input": {
                                                            "total": 0.4818447999532509,
                                                            "count": 1366,
                                                            "is_parallel": true,
                                                            "self": 0.4818447999532509
                                                        },
                                                        "communicator.exchange": {
                                                            "total": 42.13326959997721,
                                                            "count": 1366,
                                                            "is_parallel": true,
                                                            "self": 42.13326959997721
                                                        },
                                                        "steps_from_proto": {
                                                            "total": 2.220300499979203,
                                                            "count": 1366,
                                                            "is_parallel": true,
                                                            "self": 0.25643670012868824,
                                                            "children": {
                                                                "_process_rank_one_or_two_observation": {
                                                                    "total": 1.9638637998505146,
                                                                    "count": 5464,
                                                                    "is_parallel": true,
                                                                    "self": 1.9638637998505146
                                                                }
                                                            }
                                                        }
                                                    }
                                                }
                                            }
                                        }
                                    }
                                }
                            }
                        }
                    }
                },
                "TrainerController._save_models": {
                    "total": 0.11690769999768236,
                    "count": 1,
                    "self": 0.008871899997757282,
                    "children": {
                        "RLTrainer._checkpoint": {
                            "total": 0.10803579999992508,
                            "count": 1,
                            "self": 0.10803579999992508
                        }
                    }
                }
            }
        }
    }
}