{
    "name": "root",
    "metadata": {
        "timer_format_version": "0.1.0",
        "start_time_seconds": "1754285356",
        "python_version": "3.10.12 | packaged by Anaconda, Inc. | (main, Jul  5 2023, 19:01:18) [MSC v.1916 64 bit (AMD64)]",
        "command_line_arguments": "C:\\Users\\Capta\\.conda\\envs\\mlagents\\Scripts\\mlagents-learn config/ppo/NormalEnemyCC.yaml --run-id=NormalEnemyRun1 --force",
        "mlagents_version": "1.1.0",
        "mlagents_envs_version": "1.1.0",
        "communication_protocol_version": "1.5.0",
        "pytorch_version": "2.7.0+cpu",
        "numpy_version": "1.23.5",
        "end_time_seconds": "1754285476"
    },
    "total": 119.8909136000002,
    "count": 1,
    "self": 0.00772529999994731,
    "children": {
        "run_training.setup": {
            "total": 0.12957439999991038,
            "count": 1,
            "self": 0.12957439999991038
        },
        "TrainerController.start_learning": {
            "total": 119.75361390000035,
            "count": 1,
            "self": 0.020485599983658176,
            "children": {
                "TrainerController._reset_env": {
                    "total": 16.379622599999493,
                    "count": 1,
                    "self": 16.379622599999493
                },
                "TrainerController.advance": {
                    "total": 103.14251970001715,
                    "count": 947,
                    "self": 0.009617300045647426,
                    "children": {
                        "env_step": {
                            "total": 103.1329023999715,
                            "count": 947,
                            "self": 101.56488550002359,
                            "children": {
                                "SubprocessEnvManager._take_step": {
                                    "total": 1.5575779999453516,
                                    "count": 947,
                                    "self": 0.052354799927343265,
                                    "children": {
                                        "TorchPolicy.evaluate": {
                                            "total": 1.5052232000180084,
                                            "count": 934,
                                            "self": 1.5052232000180084
                                        }
                                    }
                                },
                                "workers": {
                                    "total": 0.010438900002554874,
                                    "count": 946,
                                    "self": 0.0,
                                    "children": {
                                        "worker_root": {
                                            "total": 42.757361100006165,
                                            "count": 946,
                                            "is_parallel": true,
                                            "self": 5.405759200008106,
                                            "children": {
                                                "steps_from_proto": {
                                                    "total": 0.0006709000008413568,
                                                    "count": 1,
                                                    "is_parallel": true,
                                                    "self": 0.0001694999991741497,
                                                    "children": {
                                                        "_process_rank_one_or_two_observation": {
                                                            "total": 0.0005014000016672071,
                                                            "count": 4,
                                                            "is_parallel": true,
                                                            "self": 0.0005014000016672071
                                                        }
                                                    }
                                                },
                                                "UnityEnvironment.step": {
                                                    "total": 37.35093099999722,
                                                    "count": 946,
                                                    "is_parallel": true,
                                                    "self": 0.468289399988862,
                                                    "children": {
                                                        "UnityEnvironment._generate_step_input": {
                                                            "total": 0.3355860000337998,
                                                            "count": 946,
                                                            "is_parallel": true,
                                                            "self": 0.3355860000337998
                                                        },
                                                        "communicator.exchange": {
                                                            "total": 35.01789339995776,
                                                            "count": 946,
                                                            "is_parallel": true,
                                                            "self": 35.01789339995776
                                                        },
                                                        "steps_from_proto": {
                                                            "total": 1.529162200016799,
                                                            "count": 946,
                                                            "is_parallel": true,
                                                            "self": 0.17900879999433528,
                                                            "children": {
                                                                "_process_rank_one_or_two_observation": {
                                                                    "total": 1.3501534000224638,
                                                                    "count": 3784,
                                                                    "is_parallel": true,
                                                                    "self": 1.3501534000224638
                                                                }
                                                            }
                                                        }
                                                    }
                                                }
                                            }
                                        }
                                    }
                                }
                            }
                        }
                    }
                },
                "TrainerController._save_models": {
                    "total": 0.21098600000004808,
                    "count": 1,
                    "self": 0.009748700000272947,
                    "children": {
                        "RLTrainer._checkpoint": {
                            "total": 0.20123729999977513,
                            "count": 1,
                            "self": 0.20123729999977513
                        }
                    }
                }
            }
        }
    }
}