{
    "name": "root",
    "gauges": {
        "NormalEnemy.Policy.Entropy.mean": {
            "value": 3.224520444869995,
            "min": 2.8051366806030273,
            "max": 3.2247700691223145,
            "count": 1000
        },
        "NormalEnemy.Policy.Entropy.sum": {
            "value": 34824.8203125,
            "min": 1010.3449096679688,
            "max": 43824.91015625,
            "count": 1000
        },
        "NormalEnemy.Step.mean": {
            "value": 9999840.0,
            "min": 9984.0,
            "max": 9999840.0,
            "count": 1000
        },
        "NormalEnemy.Step.sum": {
            "value": 9999840.0,
            "min": 9984.0,
            "max": 9999840.0,
            "count": 1000
        },
        "NormalEnemy.Policy.ExtrinsicValueEstimate.mean": {
            "value": 0.8026668429374695,
            "min": 0.01726379059255123,
            "max": 2.2144057750701904,
            "count": 1000
        },
        "NormalEnemy.Policy.ExtrinsicValueEstimate.sum": {
            "value": 32.10667419433594,
            "min": 0.6732878088951111,
            "max": 92.72682189941406,
            "count": 1000
        },
        "NormalEnemy.IsTraining.mean": {
            "value": 1.0,
            "min": 1.0,
            "max": 1.0,
            "count": 1000
        },
        "NormalEnemy.IsTraining.sum": {
            "value": 1.0,
            "min": 1.0,
            "max": 1.0,
            "count": 1000
        },
        "NormalEnemy.Environment.EpisodeLength.mean": {
            "value": 999.0,
            "min": 452.0,
            "max": 999.0,
            "count": 996
        },
        "NormalEnemy.Environment.EpisodeLength.sum": {
            "value": 12987.0,
            "min": 546.0,
            "max": 17104.0,
            "count": 996
        },
        "NormalEnemy.Environment.CumulativeReward.mean": {
            "value": -25.473695499556406,
            "min": -43.53271882100539,
            "max": 64.33299308138736,
            "count": 995
        },
        "NormalEnemy.Environment.CumulativeReward.sum": {
            "value": -356.6317369937897,
            "min": -478.85990703105927,
            "max": 1093.660882383585,
            "count": 995
        },
        "NormalEnemy.Policy.ExtrinsicReward.mean": {
            "value": -25.473695499556406,
            "min": -43.53271882100539,
            "max": 64.33299308138736,
            "count": 995
        },
        "NormalEnemy.Policy.ExtrinsicReward.sum": {
            "value": -356.6317369937897,
            "min": -478.85990703105927,
            "max": 1093.660882383585,
            "count": 995
        },
        "NormalEnemy.Losses.PolicyLoss.mean": {
            "value": 0.018229710203013384,
            "min": 0.011970383326115552,
            "max": 0.022743158583762125,
            "count": 484
        },
        "NormalEnemy.Losses.PolicyLoss.sum": {
            "value": 0.018229710203013384,
            "min": 0.011970383326115552,
            "max": 0.022743158583762125,
            "count": 484
        },
        "NormalEnemy.Losses.ValueLoss.mean": {
            "value": 0.3540039241313934,
            "min": 0.058117691427469254,
            "max": 1.3316801890730858,
            "count": 484
        },
        "NormalEnemy.Losses.ValueLoss.sum": {
            "value": 0.3540039241313934,
            "min": 0.058117691427469254,
            "max": 1.3316801890730858,
            "count": 484
        },
        "NormalEnemy.Policy.LearningRate.mean": {
            "value": 0.0001,
            "min": 0.0001,
            "max": 0.00010000000000000003,
            "count": 484
        },
        "NormalEnemy.Policy.LearningRate.sum": {
            "value": 0.0001,
            "min": 0.0001,
            "max": 0.00010000000000000003,
            "count": 484
        },
        "NormalEnemy.Policy.Epsilon.mean": {
            "value": 0.15,
            "min": 0.15,
            "max": 0.15000000000000002,
            "count": 484
        },
        "NormalEnemy.Policy.Epsilon.sum": {
            "value": 0.15,
            "min": 0.15,
            "max": 0.15000000000000002,
            "count": 484
        },
        "NormalEnemy.Policy.Beta.mean": {
            "value": 0.01,
            "min": 0.01,
            "max": 0.010000000000000002,
            "count": 484
        },
        "NormalEnemy.Policy.Beta.sum": {
            "value": 0.01,
            "min": 0.01,
            "max": 0.010000000000000002,
            "count": 484
        }
    },
    "metadata": {
        "timer_format_version": "0.1.0",
        "start_time_seconds": "1754508911",
        "python_version": "3.10.12 | packaged by Anaconda, Inc. | (main, Jul  5 2023, 19:01:18) [MSC v.1916 64 bit (AMD64)]",
        "command_line_arguments": "C:\\Users\\Capta\\.conda\\envs\\mlagents\\Scripts\\mlagents-learn config/ppo/NormalEnemyCC.yaml --run-id=NormalEnemyRun1 --force",
        "mlagents_version": "1.1.0",
        "mlagents_envs_version": "1.1.0",
        "communication_protocol_version": "1.5.0",
        "pytorch_version": "2.7.0+cpu",
        "numpy_version": "1.23.5",
        "end_time_seconds": "1754524378"
    },
    "total": 15466.976585199998,
    "count": 1,
    "self": 0.007271599992236588,
    "children": {
        "run_training.setup": {
            "total": 0.07905630000095698,
            "count": 1,
            "self": 0.07905630000095698
        },
        "TrainerController.start_learning": {
            "total": 15466.890257300005,
            "count": 1,
            "self": 3.7656319013221946,
            "children": {
                "TrainerController._reset_env": {
                    "total": 9.898817900000722,
                    "count": 1,
                    "self": 9.898817900000722
                },
                "TrainerController.advance": {
                    "total": 15453.140351298687,
                    "count": 174982,
                    "self": 1.7603140989667736,
                    "children": {
                        "env_step": {
                            "total": 15451.38003719972,
                            "count": 174982,
                            "self": 13343.892780700193,
                            "children": {
                                "SubprocessEnvManager._take_step": {
                                    "total": 2105.40783349955,
                                    "count": 174984,
                                    "self": 12.908783199458412,
                                    "children": {
                                        "TorchPolicy.evaluate": {
                                            "total": 2092.4990503000918,
                                            "count": 166835,
                                            "self": 2092.4990503000918
                                        }
                                    }
                                },
                                "workers": {
                                    "total": 2.079422999977396,
                                    "count": 174982,
                                    "self": 0.0,
                                    "children": {
                                        "worker_root": {
                                            "total": 15425.923127201182,
                                            "count": 174982,
                                            "is_parallel": true,
                                            "self": 2981.6323088033932,
                                            "children": {
                                                "steps_from_proto": {
                                                    "total": 0.003592100001696963,
                                                    "count": 3,
                                                    "is_parallel": true,
                                                    "self": 0.0005740000015066471,