{
    "name": "root",
    "metadata": {
        "timer_format_version": "0.1.0",
        "start_time_seconds": "1751626166",
        "python_version": "3.10.12 | packaged by Anaconda, Inc. | (main, Jul  5 2023, 19:01:18) [MSC v.1916 64 bit (AMD64)]",
        "command_line_arguments": "C:\\Users\\Zakku\\.conda\\envs\\mlagents\\Scripts\\mlagents-learn config/ppo/NormalEnemyCC.yaml --run-id=NormalEnemyRun1 --force",
        "mlagents_version": "1.1.0",
        "mlagents_envs_version": "1.1.0",
        "communication_protocol_version": "1.5.0",
        "pytorch_version": "2.2.2+cpu",
        "numpy_version": "1.23.5",
        "end_time_seconds": "1751626426"
    },
    "total": 260.231870399999,
    "count": 1,
    "self": 0.014503599997624406,
    "children": {
        "run_training.setup": {
            "total": 0.1645306000009441,
            "count": 1,
            "self": 0.1645306000009441
        },
        "TrainerController.start_learning": {
            "total": 260.05283620000046,
            "count": 1,
            "self": 0.4647704999679263,
            "children": {
                "TrainerController._reset_env": {
                    "total": 13.12844860000041,
                    "count": 1,
                    "self": 13.12844860000041
                },
                "TrainerController.advance": {
                    "total": 246.116531900032,
                    "count": 14517,
                    "self": 0.21468209994964127,
                    "children": {
                        "env_step": {
                            "total": 245.90184980008235,
                            "count": 14517,
                            "self": 210.480745200015,
                            "children": {
                                "SubprocessEnvManager._take_step": {
                                    "total": 35.169879800065246,
                                    "count": 14517,
                                    "self": 1.0907087000068714,
                                    "children": {
                                        "TorchPolicy.evaluate": {
                                            "total": 34.079171100058375,
                                            "count": 14517,
                                            "self": 34.079171100058375
                                        }
                                    }
                                },
                                "workers": {
                                    "total": 0.2512248000020918,
                                    "count": 14516,
                                    "self": 0.0,
                                    "children": {
                                        "worker_root": {
                                            "total": 184.51190580016373,
                                            "count": 14516,
                                            "is_parallel": true,
                                            "self": 60.71826050018535,
                                            "children": {
                                                "steps_from_proto": {
                                                    "total": 0.005165899998246459,
                                                    "count": 1,
                                                    "is_parallel": true,
                                                    "self": 0.001832199997807038,
                                                    "children": {
                                                        "_process_rank_one_or_two_observation": {
                                                            "total": 0.0033337000004394213,
                                                            "count": 4,
                                                            "is_parallel": true,
                                                            "self": 0.0033337000004394213
                                                        }
                                                    }
                                                },
                                                "UnityEnvironment.step": {
                                                    "total": 123.78847939998013,
                                                    "count": 14516,
                                                    "is_parallel": true,
                                                    "self": 2.456527200025448,
                                                    "children": {
                                                        "UnityEnvironment._generate_step_input": {
                                                            "total": 2.4447180001589004,
                                                            "count": 14516,
                                                            "is_parallel": true,
                                                            "self": 2.4447180001589004
                                                        },
                                                        "communicator.exchange": {
                                                            "total": 110.6267316998983,
                                                            "count": 14516,
                                                            "is_parallel": true,
                                                            "self": 110.6267316998983
                                                        },
                                                        "steps_from_proto": {
                                                            "total": 8.260502499897484,
                                                            "count": 14516,
                                                            "is_parallel": true,
                                                            "self": 2.77176830010103,
                                                            "children": {
                                                                "_process_rank_one_or_two_observation": {
                                                                    "total": 5.488734199796454,
                                                                    "count": 58064,
                                                                    "is_parallel": true,
                                                                    "self": 5.488734199796454
                                                                }
                                                            }
                                                        }
                                                    }
                                                }
                                            }
                                        }
                                    }
                                }
                            }
                        }
                    }
                },
                "TrainerController._save_models": {
                    "total": 0.3430852000001323,
                    "count": 1,
                    "self": 0.020612100001017097,
                    "children": {
                        "RLTrainer._checkpoint": {
                            "total": 0.3224730999991152,
                            "count": 1,
                            "self": 0.3224730999991152
                        }
                    }
                }
            }
        }
    }
}