{
    "name": "root",
    "metadata": {
        "timer_format_version": "0.1.0",
        "start_time_seconds": "1749185127",
        "python_version": "3.10.12 | packaged by Anaconda, Inc. | (main, Jul  5 2023, 19:01:18) [MSC v.1916 64 bit (AMD64)]",
        "command_line_arguments": "C:\\Users\\Capta\\.conda\\envs\\mlagents\\Scripts\\mlagents-learn config/ppo/NormalEnemyCC.yaml --run-id=NormalEnemyRun1 --force",
        "mlagents_version": "1.1.0",
        "mlagents_envs_version": "1.1.0",
        "communication_protocol_version": "1.5.0",
        "pytorch_version": "2.7.0+cpu",
        "numpy_version": "1.23.5",
        "end_time_seconds": "1749185237"
    },
    "total": 110.12655309999991,
    "count": 1,
    "self": 0.005138700000316021,
    "children": {
        "run_training.setup": {
            "total": 0.07653810000010708,
            "count": 1,
            "self": 0.07653810000010708
        },
        "TrainerController.start_learning": {
            "total": 110.04487629999949,
            "count": 1,
            "self": 0.08098679996510327,
            "children": {
                "TrainerController._reset_env": {
                    "total": 8.303877700000157,
                    "count": 1,
                    "self": 8.303877700000157
                },
                "TrainerController.advance": {
                    "total": 101.58692500003417,
                    "count": 5150,
                    "self": 0.03840080006921198,
                    "children": {
                        "env_step": {
                            "total": 101.54852419996496,
                            "count": 5150,
                            "self": 91.58514359995934,
                            "children": {
                                "SubprocessEnvManager._take_step": {
                                    "total": 9.919685200005006,
                                    "count": 5150,
                                    "self": 0.5339100000355756,
                                    "children": {
                                        "TorchPolicy.evaluate": {
                                            "total": 9.38577519996943,
                                            "count": 5150,
                                            "self": 9.38577519996943
                                        }
                                    }
                                },
                                "workers": {
                                    "total": 0.043695400000615336,
                                    "count": 5149,
                                    "self": 0.0,
                                    "children": {
                                        "worker_root": {
                                            "total": 40.54546170001231,
                                            "count": 5149,
                                            "is_parallel": true,
                                            "self": 18.852862300002016,
                                            "children": {
                                                "steps_from_proto": {
                                                    "total": 0.0007903999994596234,
                                                    "count": 1,
                                                    "is_parallel": true,
                                                    "self": 0.00011559999893506756,
                                                    "children": {
                                                        "_process_rank_one_or_two_observation": {
                                                            "total": 0.0006748000005245558,
                                                            "count": 4,
                                                            "is_parallel": true,
                                                            "self": 0.0006748000005245558
                                                        }
                                                    }
                                                },
                                                "UnityEnvironment.step": {
                                                    "total": 21.691809000010835,
                                                    "count": 5149,
                                                    "is_parallel": true,
                                                    "self": 1.1929669999381076,
                                                    "children": {
                                                        "UnityEnvironment._generate_step_input": {
                                                            "total": 0.9006274000175836,
                                                            "count": 5149,
                                                            "is_parallel": true,
                                                            "self": 0.9006274000175836
                                                        },
                                                        "communicator.exchange": {
                                                            "total": 15.970707200008292,
                                                            "count": 5149,
                                                            "is_parallel": true,
                                                            "self": 15.970707200008292
                                                        },
                                                        "steps_from_proto": {
                                                            "total": 3.627507400046852,
                                                            "count": 5149,
                                                            "is_parallel": true,
                                                            "self": 0.4346879999175144,
                                                            "children": {
                                                                "_process_rank_one_or_two_observation": {
                                                                    "total": 3.1928194001293377,
                                                                    "count": 20596,
                                                                    "is_parallel": true,
                                                                    "self": 3.1928194001293377
                                                                }
                                                            }
                                                        }
                                                    }
                                                }
                                            }
                                        }
                                    }
                                }
                            }
                        }
                    }
                },
                "TrainerController._save_models": {
                    "total": 0.07308680000005552,
                    "count": 1,
                    "self": 0.012430900000254042,
                    "children": {
                        "RLTrainer._checkpoint": {
                            "total": 0.06065589999980148,
                            "count": 1,
                            "self": 0.06065589999980148
                        }
                    }
                }
            }
        }
    }
}