{
    "name": "root",
    "gauges": {
        "NormalEnemy.Policy.Entropy.mean": {
            "value": 2.833911180496216,
            "min": 2.808281183242798,
            "max": 2.833911180496216,
            "count": 68
        },
        "NormalEnemy.Policy.Entropy.sum": {
            "value": 29050.423828125,
            "min": 6439.544921875,
            "max": 30758.53515625,
            "count": 68
        },
        "NormalEnemy.Step.mean": {
            "value": 999791.0,
            "min": 329774.0,
            "max": 999791.0,
            "count": 68
        },
        "NormalEnemy.Step.sum": {
            "value": 999791.0,
            "min": 329774.0,
            "max": 999791.0,
            "count": 68
        },
        "NormalEnemy.Policy.ExtrinsicValueEstimate.mean": {
            "value": 0.6305921077728271,
            "min": -3.1059958934783936,
            "max": 1.6373660564422607,
            "count": 68
        },
        "NormalEnemy.Policy.ExtrinsicValueEstimate.sum": {
            "value": 25.854276657104492,
            "min": -124.23983764648438,
            "max": 65.49464416503906,
            "count": 68
        },
        "NormalEnemy.IsTraining.mean": {
            "value": 1.0,
            "min": 1.0,
            "max": 1.0,
            "count": 68
        },
        "NormalEnemy.IsTraining.sum": {
            "value": 1.0,
            "min": 1.0,
            "max": 1.0,
            "count": 68
        },
        "NormalEnemy.Environment.EpisodeLength.mean": {
            "value": 900.8181818181819,
            "min": 810.4166666666666,
            "max": 999.0,
            "count": 67
        },
        "NormalEnemy.Environment.EpisodeLength.sum": {
            "value": 9909.0,
            "min": 8724.0,
            "max": 11955.0,
            "count": 67
        },
        "NormalEnemy.Environment.CumulativeReward.mean": {
            "value": -0.34073586897416547,
            "min": -55.63330492973328,
            "max": 28.4654869556427,
            "count": 67
        },
        "NormalEnemy.Environment.CumulativeReward.sum": {
            "value": -3.7480945587158203,
            "min": -556.3330492973328,
            "max": 284.654869556427,
            "count": 67
        },
        "NormalEnemy.Policy.ExtrinsicReward.mean": {
            "value": -0.34073586897416547,
            "min": -55.63330492973328,
            "max": 28.4654869556427,
            "count": 67
        },
        "NormalEnemy.Policy.ExtrinsicReward.sum": {
            "value": -3.7480945587158203,
            "min": -556.3330492973328,
            "max": 284.654869556427,
            "count": 67
        },
        "NormalEnemy.Losses.PolicyLoss.mean": {
            "value": 0.019534799257235134,
            "min": 0.011742011742899194,
            "max": 0.020315631335506623,
            "count": 32
        },
        "NormalEnemy.Losses.PolicyLoss.sum": {
            "value": 0.019534799257235134,
            "min": 0.011742011742899194,
            "max": 0.020315631335506623,
            "count": 32
        },
        "NormalEnemy.Losses.ValueLoss.mean": {
            "value": 2.8861307740211486,
            "min": 1.066053393483162,
            "max": 3.216118794679642,
            "count": 32
        },
        "NormalEnemy.Losses.ValueLoss.sum": {
            "value": 2.8861307740211486,
            "min": 1.066053393483162,
            "max": 3.216118794679642,
            "count": 32
        },
        "NormalEnemy.Policy.LearningRate.mean": {
            "value": 0.0001,
            "min": 0.0001,
            "max": 0.0001,
            "count": 32
        },
        "NormalEnemy.Policy.LearningRate.sum": {
            "value": 0.0001,
            "min": 0.0001,
            "max": 0.0001,
            "count": 32
        },
        "NormalEnemy.Policy.Epsilon.mean": {
            "value": 0.15,
            "min": 0.15,
            "max": 0.15,
            "count": 32
        },
        "NormalEnemy.Policy.Epsilon.sum": {
            "value": 0.15,
            "min": 0.15,
            "max": 0.15,
            "count": 32
        },
        "NormalEnemy.Policy.Beta.mean": {
            "value": 0.01,
            "min": 0.01,
            "max": 0.01,
            "count": 32
        },
        "NormalEnemy.Policy.Beta.sum": {
            "value": 0.01,
            "min": 0.01,
            "max": 0.01,
            "count": 32
        }
    },
    "metadata": {
        "timer_format_version": "0.1.0",
        "start_time_seconds": "1753509659",
        "python_version": "3.10.12 | packaged by Anaconda, Inc. | (main, Jul  5 2023, 19:01:18) [MSC v.1916 64 bit (AMD64)]",
        "command_line_arguments": "C:\\Users\\Zakku\\.conda\\envs\\mlagents\\Scripts\\mlagents-learn config/ppo/NormalEnemyCC.yaml --run-id=NormalEnemyRun1 --resume",
        "mlagents_version": "1.1.0",
        "mlagents_envs_version": "1.1.0",
        "communication_protocol_version": "1.5.0",
        "pytorch_version": "2.2.2+cpu",
        "numpy_version": "1.23.5",
        "end_time_seconds": "1753513687"
    },
    "total": 4028.554548,
    "count": 1,
    "self": 0.013385000002017478,
    "children": {
        "run_training.setup": {
            "total": 0.12592690000019502,
            "count": 1,
            "self": 0.12592690000019502
        },
        "TrainerController.start_learning": {
            "total": 4028.415236099998,
            "count": 1,
            "self": 7.4333636996670975,
            "children": {
                "TrainerController._reset_env": {
                    "total": 12.74253090000093,
                    "count": 1,
                    "self": 12.74253090000093
                },
                "TrainerController.advance": {
                    "total": 4008.112126800328,
                    "count": 224745,
                    "self": 3.3849462009329727,
                    "children": {
                        "env_step": {
                            "total": 4004.727180599395,
                            "count": 224745,
                            "self": 3340.967458799485,
                            "children": {
                                "SubprocessEnvManager._take_step": {
                                    "total": 659.6569227997443,
                                    "count": 224745,
                                    "self": 17.811016899710012,
                                    "children": {
                                        "TorchPolicy.evaluate": {
                                            "total": 641.8459059000343,
                                            "count": 224081,
                                            "self": 641.8459059000343
                                        }
                                    }
                                },
                                "workers": {
                                    "total": 4.10279900016576,
                                    "count": 224745,
                                    "self": 0.0,
                                    "children": {
                                        "worker_root": {
                                            "total": 4008.808200400228,
                                            "count": 224745,
                                            "is_parallel": true,
                                            "self": 1054.4070945000585,
                                            "children": {
                                                "steps_from_proto": {
                                                    "total": 0.00048149999929592013,
                                                    "count": 1,
                                                    "is_parallel": true,
                                                    "self": 0.00019180000163032673,