{
    "name": "root",
    "gauges": {
        "PushBlock.Policy.Entropy.mean": {
            "value": 0.08097746223211288,
            "min": 0.07320670038461685,
            "max": 0.19405408203601837,
            "count": 16
        },
        "PushBlock.Policy.Entropy.sum": {
            "value": 4856.056640625,
            "min": 4387.716796875,
            "max": 8594.1806640625,
            "count": 16
        },
        "PushBlock.Environment.EpisodeLength.mean": {
            "value": 15.99630996309963,
            "min": 15.084805653710248,
            "max": 17.525707331913598,
            "count": 16
        },
        "PushBlock.Environment.EpisodeLength.sum": {
            "value": 56355.0,
            "min": 31445.0,
            "max": 57849.0,
            "count": 16
        },
        "PushBlock.Step.mean": {
            "value": 5999994.0,
            "min": 5099998.0,
            "max": 5999994.0,
            "count": 16
        },
        "PushBlock.Step.sum": {
            "value": 5999994.0,
            "min": 5099998.0,
            "max": 5999994.0,
            "count": 16
        },
        "PushBlock.Policy.ExtrinsicValueEstimate.mean": {
            "value": 0.6284059286117554,
            "min": 0.3096039891242981,
            "max": 0.7627919912338257,
            "count": 16
        },
        "PushBlock.Policy.ExtrinsicValueEstimate.sum": {
            "value": 2271.6875,
            "min": 628.8057250976562,
            "max": 2800.97216796875,
            "count": 16
        },
        "PushBlock.Policy.CuriosityValueEstimate.mean": {
            "value": 0.019627321511507034,
            "min": 0.016711987555027008,
            "max": 0.02183174341917038,
            "count": 16
        },
        "PushBlock.Policy.CuriosityValueEstimate.sum": {
            "value": 70.95276641845703,
            "min": 35.879905700683594,
            "max": 80.60279846191406,
            "count": 16
        },
        "PushBlock.Environment.CumulativeReward.mean": {
            "value": 0.6188589144236927,
            "min": 0.39053308764736466,
            "max": 0.7825327572795969,
            "count": 16
        },
        "PushBlock.Environment.CumulativeReward.sum": {
            "value": 2180.2399555146694,
            "min": 825.0299762189388,
            "max": 2805.379934847355,
            "count": 16
        },
        "PushBlock.Policy.ExtrinsicReward.mean": {
            "value": 0.6188589144236927,
            "min": 0.39053308764736466,
            "max": 0.7825327572795969,
            "count": 16
        },
        "PushBlock.Policy.ExtrinsicReward.sum": {
            "value": 2180.2399555146694,
            "min": 825.0299762189388,
            "max": 2805.379934847355,
            "count": 16
        },
        "PushBlock.Policy.CuriosityReward.mean": {
            "value": 0.005305861801397,
            "min": 0.005305861801397,
            "max": 0.008081445437656267,
            "count": 16
        },
        "PushBlock.Policy.CuriosityReward.sum": {
            "value": 18.692551126321632,
            "min": 12.202422212896636,
            "max": 26.56371115357615,
            "count": 16
        },
        "PushBlock.Losses.PolicyLoss.mean": {
            "value": 0.06848020360326053,
            "min": 0.066517877307442,
            "max": 0.07048081499143054,
            "count": 16
        },
        "PushBlock.Losses.PolicyLoss.sum": {
            "value": 1.9859259044945552,
            "min": 1.130803914226514,
            "max": 2.0557536302609756,
            "count": 16
        },
        "PushBlock.Losses.ValueLoss.mean": {
            "value": 0.7082683684935942,
            "min": 0.6363466429825434,
            "max": 0.8468146338609273,
            "count": 16
        },
        "PushBlock.Losses.ValueLoss.sum": {
            "value": 20.539782686314233,
            "min": 10.817892930703238,
            "max": 24.55762438196689,
            "count": 16
        },
        "PushBlock.Policy.LearningRate.mean": {
            "value": 1.457420296247239e-05,
            "min": 1.457420296247239e-05,
            "max": 0.0004588839964685755,
            "count": 16
        },
        "PushBlock.Policy.LearningRate.sum": {
            "value": 0.0004226518859116993,
            "min": 0.0004226518859116993,
            "max": 0.01261855597938155,
            "count": 16
        },
        "PushBlock.Policy.Epsilon.mean": {
            "value": 0.10048580344827587,
            "min": 0.10048580344827587,
            "max": 0.11529613039215686,
            "count": 16
        },
        "PushBlock.Policy.Epsilon.sum": {
            "value": 2.9140883000000004,
            "min": 1.9600342166666667,
            "max": 3.32061845,
            "count": 16
        },
        "PushBlock.Policy.Beta.mean": {
            "value": 5.853176448275853e-05,
            "min": 5.853176448275853e-05,
            "max": 0.0015380834261764706,
            "count": 16
        },
        "PushBlock.Policy.Beta.sum": {
            "value": 0.0016974211699999973,
            "min": 0.0016974211699999973,
            "max": 0.042309783154999996,
            "count": 16
        },
        "PushBlock.Losses.CuriosityForwardLoss.mean": {
            "value": 0.014818396891304023,
            "min": 0.014546262548604829,
            "max": 0.020834752206621024,
            "count": 16
        },
        "PushBlock.Losses.CuriosityForwardLoss.sum": {
            "value": 0.42973350984781666,
            "min": 0.2982725847396068,
            "max": 0.6042078139920097,
            "count": 16
        },
        "PushBlock.Losses.CuriosityInverseLoss.mean": {
            "value": 0.0687488449124242,
            "min": 0.05867838640484877,
            "max": 0.16975724096718137,
            "count": 16
        },
        "PushBlock.Losses.CuriosityInverseLoss.sum": {
            "value": 1.9937165024603019,
            "min": 1.7016732057406143,
            "max": 3.7911621731036576,
            "count": 16
        },
        "PushBlock.IsTraining.mean": {
            "value": 1.0,
            "min": 1.0,
            "max": 1.0,
            "count": 16
        },
        "PushBlock.IsTraining.sum": {
            "value": 1.0,
            "min": 1.0,
            "max": 1.0,
            "count": 16
        }
    },
    "metadata": {
        "timer_format_version": "0.1.0",
        "start_time_seconds": "1741124705",
        "python_version": "3.10.12 | packaged by Anaconda, Inc. | (main, Jul  5 2023, 19:01:18) [MSC v.1916 64 bit (AMD64)]",
        "command_line_arguments": "C:\\ProgramData\\anaconda3\\envs\\mlagents\\Scripts\\mlagents-learn config/ppo/PushBlock.yaml --run-id=RunWithObstacleNOTCONTINOUS --resume",
        "mlagents_version": "1.1.0",
        "mlagents_envs_version": "1.1.0",
        "communication_protocol_version": "1.5.0",
        "pytorch_version": "2.2.2+cu121",
        "numpy_version": "1.23.5",
        "end_time_seconds": "1741125845"
    },
    "total": 1139.7215068000005,
    "count": 1,
    "self": 0.006255399999645306,
    "children": {
        "run_training.setup": {
            "total": 0.10059000000183005,
            "count": 1,
            "self": 0.10059000000183005
        },
        "TrainerController.start_learning": {
            "total": 1139.614661399999,
            "count": 1,
            "self": 0.9220437003314146,
            "children": {
                "TrainerController._reset_env": {
                    "total": 10.715851799999655,
                    "count": 1,
                    "self": 10.715851799999655
                },
                "TrainerController.advance": {
                    "total": 1127.9212460996678,
                    "count": 66009,
                    "self": 0.8308944993441401,
                    "children": {
                        "env_step": {
                            "total": 362.64759490036886,
                            "count": 66009,