{
    "name": "root",
    "gauges": {
        "NormalEnemy.Policy.Entropy.mean": {
            "value": 2.8050103187561035,
            "min": 2.8050103187561035,
            "max": 2.805507183074951,
            "count": 4
        },
        "NormalEnemy.Policy.Entropy.sum": {
            "value": 31584.416015625,
            "min": 20830.890625,
            "max": 32455.783203125,
            "count": 4
        },
        "NormalEnemy.Step.mean": {
            "value": 39839.0,
            "min": 9984.0,
            "max": 39839.0,
            "count": 4
        },
        "NormalEnemy.Step.sum": {
            "value": 39839.0,
            "min": 9984.0,
            "max": 39839.0,
            "count": 4
        },
        "NormalEnemy.Policy.ExtrinsicValueEstimate.mean": {
            "value": 0.6814075708389282,
            "min": -0.004993046168237925,
            "max": 0.6814075708389282,
            "count": 4
        },
        "NormalEnemy.Policy.ExtrinsicValueEstimate.sum": {
            "value": 27.256303787231445,
            "min": -0.19972184300422668,
            "max": 27.256303787231445,
            "count": 4
        },
        "NormalEnemy.IsTraining.mean": {
            "value": 1.0,
            "min": 1.0,
            "max": 1.0,
            "count": 4
        },
        "NormalEnemy.IsTraining.sum": {
            "value": 1.0,
            "min": 1.0,
            "max": 1.0,
            "count": 4
        },
        "NormalEnemy.Environment.EpisodeLength.mean": {
            "value": 998.8333333333334,
            "min": 998.8333333333334,
            "max": 999.0,
            "count": 3
        },
        "NormalEnemy.Environment.EpisodeLength.sum": {
            "value": 5993.0,
            "min": 5993.0,
            "max": 14985.0,
            "count": 3
        },
        "NormalEnemy.Environment.CumulativeReward.mean": {
            "value": 145.80013946124487,
            "min": 8.155356177261897,
            "max": 145.80013946124487,
            "count": 3
        },
        "NormalEnemy.Environment.CumulativeReward.sum": {
            "value": 1020.600976228714,
            "min": 114.17498648166656,
            "max": 1020.600976228714,
            "count": 3
        },
        "NormalEnemy.Policy.ExtrinsicReward.mean": {
            "value": 145.80013946124487,
            "min": 8.155356177261897,
            "max": 145.80013946124487,
            "count": 3
        },
        "NormalEnemy.Policy.ExtrinsicReward.sum": {
            "value": 1020.600976228714,
            "min": 114.17498648166656,
            "max": 1020.600976228714,
            "count": 3
        },
        "NormalEnemy.Losses.PolicyLoss.mean": {
            "value": 0.015443675642382004,
            "min": 0.015443675642382004,
            "max": 0.015443675642382004,
            "count": 1
        },
        "NormalEnemy.Losses.PolicyLoss.sum": {
            "value": 0.015443675642382004,
            "min": 0.015443675642382004,
            "max": 0.015443675642382004,
            "count": 1
        },
        "NormalEnemy.Losses.ValueLoss.mean": {
            "value": 0.40152397081255914,
            "min": 0.40152397081255914,
            "max": 0.40152397081255914,
            "count": 1
        },
        "NormalEnemy.Losses.ValueLoss.sum": {
            "value": 0.40152397081255914,
            "min": 0.40152397081255914,
            "max": 0.40152397081255914,
            "count": 1
        },
        "NormalEnemy.Policy.LearningRate.mean": {
            "value": 0.0001,
            "min": 0.0001,
            "max": 0.0001,
            "count": 1
        },
        "NormalEnemy.Policy.LearningRate.sum": {
            "value": 0.0001,
            "min": 0.0001,
            "max": 0.0001,
            "count": 1
        },
        "NormalEnemy.Policy.Epsilon.mean": {
            "value": 0.15,
            "min": 0.15,
            "max": 0.15,
            "count": 1
        },
        "NormalEnemy.Policy.Epsilon.sum": {
            "value": 0.15,
            "min": 0.15,
            "max": 0.15,
            "count": 1
        },
        "NormalEnemy.Policy.Beta.mean": {
            "value": 0.01,
            "min": 0.01,
            "max": 0.01,
            "count": 1
        },
        "NormalEnemy.Policy.Beta.sum": {
            "value": 0.01,
            "min": 0.01,
            "max": 0.01,
            "count": 1
        }
    },
    "metadata": {
        "timer_format_version": "0.1.0",
        "start_time_seconds": "1754543353",
        "python_version": "3.10.12 | packaged by Anaconda, Inc. | (main, Jul  5 2023, 19:01:18) [MSC v.1916 64 bit (AMD64)]",
        "command_line_arguments": "C:\\Users\\Capta\\.conda\\envs\\mlagents\\Scripts\\mlagents-learn config/ppo/NormalEnemyCC.yaml --run-id=NormalEnemyRunTest --force",
        "mlagents_version": "1.1.0",
        "mlagents_envs_version": "1.1.0",
        "communication_protocol_version": "1.5.0",
        "pytorch_version": "2.7.0+cpu",
        "numpy_version": "1.23.5",
        "end_time_seconds": "1754543475"
    },
    "total": 122.44552660000045,
    "count": 1,
    "self": 10.005661400000463,
    "children": {
        "run_training.setup": {
            "total": 0.07698530000016035,
            "count": 1,
            "self": 0.07698530000016035
        },
        "TrainerController.start_learning": {
            "total": 112.36287989999983,
            "count": 1,
            "self": 1.1143733000353677,
            "children": {
                "TrainerController._reset_env": {
                    "total": 11.572435799998857,
                    "count": 1,
                    "self": 11.572435799998857
                },
                "TrainerController.advance": {
                    "total": 99.23121599996739,
                    "count": 5310,
                    "self": 0.0461568999417068,
                    "children": {
                        "env_step": {
                            "total": 99.18505910002568,
                            "count": 5310,
                            "self": 85.46804710004835,
                            "children": {
                                "SubprocessEnvManager._take_step": {
                                    "total": 13.663439699970695,
                                    "count": 5311,
                                    "self": 0.22237400000994967,
                                    "children": {
                                        "TorchPolicy.evaluate": {
                                            "total": 13.441065699960745,
                                            "count": 5302,
                                            "self": 13.441065699960745
                                        }
                                    }
                                },
                                "workers": {
                                    "total": 0.05357230000663549,
                                    "count": 5309,
                                    "self": 0.0,
                                    "children": {
                                        "worker_root": {
                                            "total": 82.46906540004602,
                                            "count": 5309,
                                            "is_parallel": true,
                                            "self": 22.843337900101687,
                                            "children": {
                                                "steps_from_proto": {
                                                    "total": 0.0010843000000022585,
                                                    "count": 2,
                                                    "is_parallel": true,
                                                    "self": 0.00039449999894713983,