{
    "name": "root",
    "metadata": {
        "timer_format_version": "0.1.0",
        "start_time_seconds": "1754628992",
        "python_version": "3.10.12 | packaged by Anaconda, Inc. | (main, Jul  5 2023, 19:01:18) [MSC v.1916 64 bit (AMD64)]",
        "command_line_arguments": "C:\\Users\\Capta\\.conda\\envs\\mlagents\\Scripts\\mlagents-learn config/ppo/NormalEnemyCC.yaml --run-id=NormalEnemyRunTest --force",
        "mlagents_version": "1.1.0",
        "mlagents_envs_version": "1.1.0",
        "communication_protocol_version": "1.5.0",
        "pytorch_version": "2.7.0+cpu",
        "numpy_version": "1.23.5",
        "end_time_seconds": "1754630833"
    },
    "total": 1841.2585472,
    "count": 1,
    "self": 0.006855800000266754,
    "children": {
        "run_training.setup": {
            "total": 0.08367569999973057,
            "count": 1,
            "self": 0.08367569999973057
        },
        "TrainerController.start_learning": {
            "total": 1841.1680157,
            "count": 1,
            "self": 1.8142636000375205,
            "children": {
                "TrainerController._reset_env": {
                    "total": 8.548208899999736,
                    "count": 1,
                    "self": 8.548208899999736
                },
                "TrainerController.advance": {
                    "total": 1830.714857399963,
                    "count": 90069,
                    "self": 0.810113699856629,
                    "children": {
                        "env_step": {
                            "total": 1829.9047437001063,
                            "count": 90069,
                            "self": 1458.6105493998693,
                            "children": {
                                "SubprocessEnvManager._take_step": {
                                    "total": 370.3136146001307,
                                    "count": 90069,
                                    "self": 4.399109300078635,
                                    "children": {
                                        "TorchPolicy.evaluate": {
                                            "total": 365.91450530005204,
                                            "count": 88771,
                                            "self": 365.91450530005204
                                        }
                                    }
                                },
                                "workers": {
                                    "total": 0.9805797001063183,
                                    "count": 90068,
                                    "self": 0.0,
                                    "children": {
                                        "worker_root": {
                                            "total": 1770.22540210005,
                                            "count": 90068,
                                            "is_parallel": true,
                                            "self": 544.299404699942,
                                            "children": {
                                                "steps_from_proto": {
                                                    "total": 0.0006302000001596753,
                                                    "count": 1,
                                                    "is_parallel": true,
                                                    "self": 0.000210000000151922,
                                                    "children": {
                                                        "_process_rank_one_or_two_observation": {
                                                            "total": 0.00042020000000775326,
                                                            "count": 4,
                                                            "is_parallel": true,
                                                            "self": 0.00042020000000775326
                                                        }
                                                    }
                                                },
                                                "UnityEnvironment.step": {
                                                    "total": 1225.9253672001078,
                                                    "count": 90068,
                                                    "is_parallel": true,
                                                    "self": 29.034311299759793,
                                                    "children": {
                                                        "UnityEnvironment._generate_step_input": {
                                                            "total": 21.623566900079823,
                                                            "count": 90068,
                                                            "is_parallel": true,
                                                            "self": 21.623566900079823
                                                        },
                                                        "communicator.exchange": {
                                                            "total": 1081.249375000304,
                                                            "count": 90068,
                                                            "is_parallel": true,
                                                            "self": 1081.249375000304
                                                        },
                                                        "steps_from_proto": {
                                                            "total": 94.01811399996404,
                                                            "count": 90068,
                                                            "is_parallel": true,
                                                            "self": 14.3978298002894,
                                                            "children": {
                                                                "_process_rank_one_or_two_observation": {
                                                                    "total": 79.62028419967464,
                                                                    "count": 360272,
                                                                    "is_parallel": true,
                                                                    "self": 79.62028419967464
                                                                }
                                                            }
                                                        }
                                                    }
                                                }
                                            }
                                        }
                                    }
                                }
                            }
                        }
                    }
                },
                "TrainerController._save_models": {
                    "total": 0.0906857999998465,
                    "count": 1,
                    "self": 0.007976200000484823,
                    "children": {
                        "RLTrainer._checkpoint": {
                            "total": 0.08270959999936167,
                            "count": 1,
                            "self": 0.08270959999936167
                        }
                    }
                }
            }
        }
    }
}