{"count":1,"self":255.54792959999997,"total":4483.6059876,"children":{"InitializeActuators":{"count":30,"self":0.0010023999999999999,"total":0.0010023999999999999,"children":null},"InitializeSensors":{"count":30,"self":0.0025173,"total":0.0025173,"children":null},"AgentSendState":{"count":417217,"self":191.5695616,"total":255.42595169999998,"children":{"CollectObservations":{"count":2503210,"self":5.5288423999999994,"total":5.5288423,"children":null},"WriteActionMask":{"count":2503210,"self":0.3825405,"total":0.3825405,"children":null},"RequestDecision":{"count":2503210,"self":2.6559546,"total":57.9450088,"children":{"AgentInfo.ToProto":{"count":2503210,"self":1.9097552,"total":55.289054199999995,"children":{"GenerateSensorData":{"count":2503210,"self":44.3063776,"total":53.379298899999995,"children":{"RayPerceptionSensor.Perceive":{"count":2503210,"self":9.0729208,"total":9.0729211,"children":null}}}}}}}}},"DecideAction":{"count":417217,"self":1219.0757888,"total":1219.0757738,"children":null},"AgentAct":{"count":417217,"self":2753.4934015999997,"total":2753.5522984,"children":{"AgentInfo.ToProto":{"count":2451,"self":0.0005036,"total":0.058837799999999996,"children":{"GenerateSensorData":{"count":2451,"self":0.0507901,"total":0.058334199999999996,"children":{"RayPerceptionSensor.Perceive":{"count":2451,"self":0.0075441,"total":0.0075441,"children":null}}}}}}},"AgentInfo.ToProto":{"count":75,"self":0,"total":0.0005068,"children":{"GenerateSensorData":{"count":75,"self":0,"total":0.0005068,"children":{"RayPerceptionSensor.Perceive":{"count":75,"self":0.0005068,"total":0.0005068,"children":null}}}}}},"gauges":{"NormalEnemy.CumulativeReward":{"count":2526,"max":163.223557,"min":-90.0416946,"runningAverage":-1.68047667,"value":131.61763,"weightedAverage":27.8316021}},"metadata":{"timer_format_version":"0.1.0","start_time_seconds":"1754329703","unity_version":"6000.0.38f1","command_line_arguments":"H:\\Software\\Unity\\6000.0.38f1\\Editor\\Unity.exe -projectpath D:\\Github\\Game-Thesis -useHub -hubIPC -cloudEnvironment production","communication_protocol_version":"1.5.0","com.unity.ml-agents_version":"3.0.0","scene_name":"Training Normal Enemy","end_time_seconds":"1754334186"}}