{"count":1,"self":73.1973632,"total":76.8187489,"children":{"InitializeActuators":{"count":3,"self":0.0020296999999999997,"total":0.0020296999999999997,"children":null},"InitializeSensors":{"count":3,"self":0.0040146,"total":0.0040146,"children":null},"AgentSendState":{"count":3577,"self":1.7076807999999999,"total":1.8834491,"children":{"CollectObservations":{"count":10699,"self":0.0385644,"total":0.0385644,"children":null},"WriteActionMask":{"count":10699,"self":0.0053967999999999993,"total":0.0053967999999999993,"children":null},"RequestDecision":{"count":10699,"self":0.082498099999999991,"total":0.13180719999999999,"children":{"RayPerceptionSensor.Perceive":{"count":10699,"self":0.049309099999999995,"total":0.049309099999999995,"children":null}}}}},"DecideAction":{"count":3577,"self":0.028642599999999997,"total":0.028642599999999997,"children":null},"AgentAct":{"count":3577,"self":1.7032479999999999,"total":1.7032481,"children":null}},"gauges":{},"metadata":{"timer_format_version":"0.1.0","start_time_seconds":"1751268810","unity_version":"6000.0.38f1","command_line_arguments":"C:\\Program Files\\Unity\\Hub\\Editor\\6000.0.38f1\\Editor\\Unity.exe -projectpath C:\\Users\\Zakku\\Documents\\GitHub\\Game-Thesis -useHub -hubIPC -cloudEnvironment production","communication_protocol_version":"1.5.0","com.unity.ml-agents_version":"3.0.0","scene_name":"Training Normal Enemy","end_time_seconds":"1751268887"}}