{"count":1,"self":273.643264,"total":2103.6369944,"children":{"InitializeActuators":{"count":18,"self":0.0005071,"total":0.0005071,"children":null},"InitializeSensors":{"count":18,"self":0.0025039999999999997,"total":0.0025039999999999997,"children":null},"AgentSendState":{"count":520851,"self":293.4719488,"total":369.92894429999996,"children":{"CollectObservations":{"count":1875012,"self":1.2371037999999999,"total":1.2371037999999999,"children":null},"WriteActionMask":{"count":1875012,"self":0.2973055,"total":0.2973055,"children":null},"RequestDecision":{"count":1875012,"self":2.1171295999999997,"total":74.9225965,"children":{"AgentInfo.ToProto":{"count":1875012,"self":1.5855663999999998,"total":72.8054669,"children":{"GenerateSensorData":{"count":1875012,"self":58.1005952,"total":71.2199005,"children":{"RayPerceptionSensor.Perceive":{"count":1875012,"self":13.1193064,"total":13.119306199999999,"children":null}}}}}}}}},"DecideAction":{"count":520851,"self":1220.8649216,"total":1220.8649354,"children":null},"AgentAct":{"count":520851,"self":239.1025152,"total":239.1963357,"children":{"AgentInfo.ToProto":{"count":1872,"self":0.0065153,"total":0.0938151,"children":{"GenerateSensorData":{"count":1872,"self":0.075745899999999991,"total":0.0872998,"children":{"RayPerceptionSensor.Perceive":{"count":1872,"self":0.011553899999999999,"total":0.011553899999999999,"children":null}}}}}}}},"gauges":{"NormalEnemy.CumulativeReward":{"count":1872,"max":50.48637,"min":49.101284,"runningAverage":49.9902649,"value":49.9964752,"weightedAverage":49.9966049}},"metadata":{"timer_format_version":"0.1.0","start_time_seconds":"1754113429","unity_version":"6000.0.38f1","command_line_arguments":"H:\\Software\\Unity\\6000.0.38f1\\Editor\\Unity.exe -projectpath D:\\Github\\Game-Thesis -useHub -hubIPC -cloudEnvironment production","communication_protocol_version":"1.5.0","com.unity.ml-agents_version":"3.0.0","scene_name":"Training Normal Enemy","end_time_seconds":"1754115532"}}