{"count":1,"self":8.1060135999999989,"total":8.2166991,"children":{"InitializeActuators":{"count":3,"self":0.0020007,"total":0.0020007,"children":null},"InitializeSensors":{"count":3,"self":0.0030004999999999997,"total":0.0030004999999999997,"children":null},"AgentSendState":{"count":166,"self":0.061667099999999996,"total":0.0686753,"children":{"CollectObservations":{"count":466,"self":0.0010004999999999999,"total":0.0010004999999999999,"children":null},"WriteActionMask":{"count":466,"self":0,"total":0,"children":null},"RequestDecision":{"count":466,"self":0.0050079999999999994,"total":0.0060076999999999995,"children":{"RayPerceptionSensor.Perceive":{"count":466,"self":0.00099969999999999985,"total":0.00099969999999999985,"children":null}}}}},"DecideAction":{"count":166,"self":0.0010008,"total":0.0010008,"children":null},"AgentAct":{"count":166,"self":0.0360085,"total":0.0360085,"children":null}},"gauges":{},"metadata":{"timer_format_version":"0.1.0","start_time_seconds":"1749781204","unity_version":"6000.0.38f1","command_line_arguments":"H:\\Software\\Unity\\6000.0.38f1\\Editor\\Unity.exe -projectpath D:\\Github\\Game-Thesis -useHub -hubIPC -cloudEnvironment production","communication_protocol_version":"1.5.0","com.unity.ml-agents_version":"3.0.0","scene_name":"Training Normal Enemy","end_time_seconds":"1749781213"}}