{"count":1,"self":104.71715839999999,"total":107.17787469999999,"children":{"InitializeActuators":{"count":3,"self":0.0010115999999999999,"total":0.0010115999999999999,"children":null},"InitializeSensors":{"count":3,"self":0.0020497,"total":0.0020497,"children":null},"AgentSendState":{"count":5110,"self":1.3632696,"total":1.5285712,"children":{"CollectObservations":{"count":15300,"self":0.0178566,"total":0.0178566,"children":null},"WriteActionMask":{"count":15300,"self":0.011439699999999999,"total":0.011439699999999999,"children":null},"RequestDecision":{"count":15300,"self":0.078480899999999992,"total":0.1360053,"children":{"RayPerceptionSensor.Perceive":{"count":15300,"self":0.057524399999999996,"total":0.057524399999999996,"children":null}}}}},"DecideAction":{"count":5110,"self":0.0271736,"total":0.0271736,"children":null},"AgentAct":{"count":5110,"self":0.90090969999999992,"total":0.90090969999999992,"children":{"RayPerceptionSensor.Perceive":{"count":3,"self":0,"total":0,"children":null}}}},"gauges":{"NormalEnemy.CumulativeReward":{"count":3,"max":-0.9120553,"min":-1.19597518,"runningAverage":-1.053904,"value":-0.9120553,"weightedAverage":-1.09831524}},"metadata":{"timer_format_version":"0.1.0","start_time_seconds":"1752421345","unity_version":"6000.0.38f1","command_line_arguments":"H:\\Software\\Unity\\6000.0.38f1\\Editor\\Unity.exe -projectpath D:\\Github\\Game-Thesis -useHub -hubIPC -cloudEnvironment production","communication_protocol_version":"1.5.0","com.unity.ml-agents_version":"3.0.0","scene_name":"Training Normal Enemy","end_time_seconds":"1752421453"}}