{"count":1,"self":19.683823999999998,"total":19.7573609,"children":{"InitializeActuators":{"count":4,"self":0.0009994,"total":0.0009994,"children":null},"InitializeSensors":{"count":4,"self":0.0009995,"total":0.0009995,"children":null},"AgentSendState":{"count":793,"self":0.0060038999999999995,"total":0.031528799999999996,"children":{"CollectObservations":{"count":3094,"self":0.021524099999999997,"total":0.021524099999999997,"children":null},"WriteActionMask":{"count":3094,"self":0.0010003,"total":0.0010003,"children":null},"RequestDecision":{"count":3094,"self":0.0030004999999999997,"total":0.0030004999999999997,"children":null}}},"DecideAction":{"count":793,"self":0.0100053,"total":0.0100053,"children":null},"AgentAct":{"count":793,"self":0.0290043,"total":0.0290043,"children":null}},"gauges":{"NormalEnemy.CumulativeReward":{"count":59,"max":0.659999549,"min":0.489999682,"runningAverage":0.493558973,"value":0.489999682,"weightedAverage":0.4899997}},"metadata":{"timer_format_version":"0.1.0","start_time_seconds":"1748936194","unity_version":"6000.0.38f1","command_line_arguments":"H:\\Software\\Unity\\6000.0.38f1\\Editor\\Unity.exe -projectpath D:\\Github\\Game-Thesis -useHub -hubIPC -cloudEnvironment production","communication_protocol_version":"1.5.0","com.unity.ml-agents_version":"3.0.0","scene_name":"Training Creep","end_time_seconds":"1748936213"}}