{"count":1,"self":42.2304064,"total":43.2585111,"children":{"InitializeActuators":{"count":3,"self":0.0010027999999999999,"total":0.0010027999999999999,"children":null},"InitializeSensors":{"count":3,"self":0.0040015,"total":0.0040015,"children":null},"AgentSendState":{"count":1964,"self":0.80397889999999994,"total":0.93250539999999993,"children":{"CollectObservations":{"count":5848,"self":0.0407048,"total":0.0407048,"children":null},"WriteActionMask":{"count":5848,"self":0.0040225999999999994,"total":0.0040225999999999994,"children":null},"RequestDecision":{"count":5848,"self":0.0551548,"total":0.0837991,"children":{"RayPerceptionSensor.Perceive":{"count":5848,"self":0.028644299999999998,"total":0.028644299999999998,"children":null}}}}},"DecideAction":{"count":1964,"self":0.022537699999999997,"total":0.022537699999999997,"children":null},"AgentAct":{"count":1964,"self":0.0670304,"total":0.0670304,"children":null}},"gauges":{},"metadata":{"timer_format_version":"0.1.0","start_time_seconds":"1749463804","unity_version":"6000.0.38f1","command_line_arguments":"C:\\Program Files\\Unity\\Hub\\Editor\\6000.0.38f1\\Editor\\Unity.exe -projectpath C:\\Users\\Zakku\\Documents\\GitHub\\Game-Thesis -useHub -hubIPC -cloudEnvironment production","communication_protocol_version":"1.5.0","com.unity.ml-agents_version":"3.0.0","scene_name":"Training Normal Enemy","end_time_seconds":"1749463847"}}