{
    "name": "root",
    "gauges": {
        "PushBlock.Policy.Entropy.mean": {
            "value": 0.1759183257818222,
            "min": 0.1759183257818222,
            "max": 0.3647224009037018,
            "count": 18
        },
        "PushBlock.Policy.Entropy.sum": {
            "value": 10521.3232421875,
            "min": 10162.40625,
            "max": 21918.357421875,
            "count": 18
        },
        "PushBlock.Environment.EpisodeLength.mean": {
            "value": 34.931113662456944,
            "min": 31.858803986710964,
            "max": 41.79187105816398,
            "count": 18
        },
        "PushBlock.Environment.EpisodeLength.sum": {
            "value": 60850.0,
            "min": 26301.0,
            "max": 60850.0,
            "count": 18
        },
        "PushBlock.Step.mean": {
            "value": 5999953.0,
            "min": 4979994.0,
            "max": 5999953.0,
            "count": 18
        },
        "PushBlock.Step.sum": {
            "value": 5999953.0,
            "min": 4979994.0,
            "max": 5999953.0,
            "count": 18
        },
        "PushBlock.Policy.ExtrinsicValueEstimate.mean": {
            "value": 4.291496276855469,
            "min": 3.5214622020721436,
            "max": 4.5092620849609375,
            "count": 18
        },
        "PushBlock.Policy.ExtrinsicValueEstimate.sum": {
            "value": 8660.2392578125,
            "min": 4058.75390625,
            "max": 9337.50390625,
            "count": 18
        },
        "PushBlock.Policy.CuriosityValueEstimate.mean": {
            "value": 0.10945653915405273,
            "min": 0.09257615357637405,
            "max": 0.12617425620555878,
            "count": 18
        },
        "PushBlock.Policy.CuriosityValueEstimate.sum": {
            "value": 220.88330078125,
            "min": 100.87657165527344,
            "max": 259.79278564453125,
            "count": 18
        },
        "PushBlock.Environment.CumulativeReward.mean": {
            "value": 5.014020691121329,
            "min": 4.302188215147742,
            "max": 5.074585316852795,
            "count": 18
        },
        "PushBlock.Environment.CumulativeReward.sum": {
            "value": 8729.410023242235,
            "min": 4024.950022637844,
            "max": 9130.150012612343,
            "count": 18
        },
        "PushBlock.Policy.ExtrinsicReward.mean": {
            "value": 5.014020691121329,
            "min": 4.302188215147742,
            "max": 5.074585316852795,
            "count": 18
        },
        "PushBlock.Policy.ExtrinsicReward.sum": {
            "value": 8729.410023242235,
            "min": 4024.950022637844,
            "max": 9130.150012612343,
            "count": 18
        },
        "PushBlock.Policy.CuriosityReward.mean": {
            "value": 0.03894423471034145,
            "min": 0.03774312692744095,
            "max": 0.05539110615920887,
            "count": 18
        },
        "PushBlock.Policy.CuriosityReward.sum": {
            "value": 67.80191263070446,
            "min": 33.08671452969429,
            "max": 79.65191442676587,
            "count": 18
        },
        "PushBlock.Losses.PolicyLoss.mean": {
            "value": 0.06729568637893495,
            "min": 0.06623442208390393,
            "max": 0.0714031390774856,
            "count": 18
        },
        "PushBlock.Losses.PolicyLoss.sum": {
            "value": 1.9515749049891133,
            "min": 0.9046741366716258,
            "max": 2.0706910332470825,
            "count": 18
        },
        "PushBlock.Losses.ValueLoss.mean": {
            "value": 1.319360358495721,
            "min": 1.2043472175197354,
            "max": 1.319360358495721,
            "count": 18
        },
        "PushBlock.Losses.ValueLoss.sum": {
            "value": 38.261450396375906,
            "min": 15.939739957451822,
            "max": 38.261450396375906,
            "count": 18
        },
        "PushBlock.Policy.LearningRate.mean": {
            "value": 1.470753054423503e-05,
            "min": 1.470753054423503e-05,
            "max": 0.0005170867750714693,
            "count": 18
        },
        "PushBlock.Policy.LearningRate.sum": {
            "value": 0.0004265183857828159,
            "min": 0.0004265183857828159,
            "max": 0.014362488421250466,
            "count": 18
        },
        "PushBlock.Policy.Epsilon.mean": {
            "value": 0.10049024770114943,
            "min": 0.10049024770114943,
            "max": 0.11723622307692308,
            "count": 18
        },
        "PushBlock.Policy.Epsilon.sum": {
            "value": 2.9142171833333337,
            "min": 1.5240709000000001,
            "max": 3.3787495333333335,
            "count": 18
        },
        "PushBlock.Policy.Beta.mean": {
            "value": 5.8975745344827494e-05,
            "min": 5.8975745344827494e-05,
            "max": 0.0017318986853846153,
            "count": 18
        },
        "PushBlock.Policy.Beta.sum": {
            "value": 0.0017102966149999974,
            "min": 0.0017102966149999974,
            "max": 0.04811707838000001,
            "count": 18
        },
        "PushBlock.Losses.CuriosityForwardLoss.mean": {
            "value": 0.05260943865499248,
            "min": 0.05260943865499248,
            "max": 0.0637925697896534,
            "count": 18
        },
        "PushBlock.Losses.CuriosityForwardLoss.sum": {
            "value": 1.525673720994782,
            "min": 0.8293034072654942,
            "max": 1.8241887607146057,
            "count": 18
        },
        "PushBlock.Losses.CuriosityInverseLoss.mean": {
            "value": 0.11321557584871049,
            "min": 0.11321557584871049,
            "max": 0.23314646152169285,
            "count": 18
        },
        "PushBlock.Losses.CuriosityInverseLoss.sum": {
            "value": 3.283251699612604,
            "min": 2.9133922525991993,
            "max": 6.761247384129093,
            "count": 18
        },
        "PushBlock.IsTraining.mean": {
            "value": 1.0,
            "min": 1.0,
            "max": 1.0,
            "count": 18
        },
        "PushBlock.IsTraining.sum": {
            "value": 1.0,
            "min": 1.0,
            "max": 1.0,
            "count": 18
        }
    },
    "metadata": {
        "timer_format_version": "0.1.0",
        "start_time_seconds": "1741762158",
        "python_version": "3.10.12 | packaged by Anaconda, Inc. | (main, Jul  5 2023, 19:01:18) [MSC v.1916 64 bit (AMD64)]",
        "command_line_arguments": "C:\\ProgramData\\anaconda3\\envs\\mlagents\\Scripts\\mlagents-learn config/ppo/PushBlock.yaml --run-id=RunWithWallNeg --resume",
        "mlagents_version": "1.1.0",
        "mlagents_envs_version": "1.1.0",
        "communication_protocol_version": "1.5.0",
        "pytorch_version": "2.2.2+cu121",
        "numpy_version": "1.23.5",
        "end_time_seconds": "1741763544"
    },
    "total": 1385.5388669999993,
    "count": 1,
    "self": 0.008052999997744337,
    "children": {
        "run_training.setup": {
            "total": 0.09789910000108648,
            "count": 1,
            "self": 0.09789910000108648
        },
        "TrainerController.start_learning": {
            "total": 1385.4329149000005,
            "count": 1,
            "self": 0.8706197998799325,
            "children": {
                "TrainerController._reset_env": {
                    "total": 61.73771879999913,
                    "count": 1,
                    "self": 61.73771879999913
                },
                "TrainerController.advance": {
                    "total": 1322.760238500121,
                    "count": 53872,
                    "self": 0.7984086005708377,
                    "children": {
                        "env_step": {
                            "total": 511.87460649992136,
                            "count": 53872,