{
    "name": "root",
    "gauges": {
        "PushBlock.Policy.Entropy.mean": {
            "value": 0.4607575535774231,
            "min": 0.378287672996521,
            "max": 0.7508026361465454,
            "count": 30
        },
        "PushBlock.Policy.Entropy.sum": {
            "value": 27719.173828125,
            "min": 22811.359375,
            "max": 44842.36328125,
            "count": 30
        },
        "PushBlock.Environment.EpisodeLength.mean": {
            "value": 53.40892857142857,
            "min": 38.051013277428375,
            "max": 72.93142144638404,
            "count": 30
        },
        "PushBlock.Environment.EpisodeLength.sum": {
            "value": 59818.0,
            "min": 50191.0,
            "max": 61194.0,
            "count": 30
        },
        "PushBlock.Step.mean": {
            "value": 3659995.0,
            "min": 1919990.0,
            "max": 3659995.0,
            "count": 30
        },
        "PushBlock.Step.sum": {
            "value": 3659995.0,
            "min": 1919990.0,
            "max": 3659995.0,
            "count": 30
        },
        "PushBlock.Policy.ExtrinsicValueEstimate.mean": {
            "value": 2.5340967178344727,
            "min": 1.117595911026001,
            "max": 3.3579936027526855,
            "count": 30
        },
        "PushBlock.Policy.ExtrinsicValueEstimate.sum": {
            "value": 4054.554931640625,
            "min": 1550.1055908203125,
            "max": 6111.54833984375,
            "count": 30
        },
        "PushBlock.Policy.CuriosityValueEstimate.mean": {
            "value": 0.14823861420154572,
            "min": 0.12035375833511353,
            "max": 0.21221421658992767,
            "count": 30
        },
        "PushBlock.Policy.CuriosityValueEstimate.sum": {
            "value": 237.18177795410156,
            "min": 198.7040557861328,
            "max": 342.872314453125,
            "count": 30
        },
        "PushBlock.Environment.CumulativeReward.mean": {
            "value": 3.191295866965182,
            "min": 1.2564046429412046,
            "max": 3.957203106473689,
            "count": 30
        },
        "PushBlock.Environment.CumulativeReward.sum": {
            "value": 3571.060075134039,
            "min": 1006.3801189959049,
            "max": 5240.880075633526,
            "count": 30
        },
        "PushBlock.Policy.ExtrinsicReward.mean": {
            "value": 3.191295866965182,
            "min": 1.2564046429412046,
            "max": 3.957203106473689,
            "count": 30
        },
        "PushBlock.Policy.ExtrinsicReward.sum": {
            "value": 3571.060075134039,
            "min": 1006.3801189959049,
            "max": 5240.880075633526,
            "count": 30
        },
        "PushBlock.Policy.CuriosityReward.mean": {
            "value": 0.07674015789805438,
            "min": 0.06101208950697282,
            "max": 0.12489683545306766,
            "count": 30
        },
        "PushBlock.Policy.CuriosityReward.sum": {
            "value": 85.87223668792285,
            "min": 82.24890643841354,
            "max": 110.6181839677156,
            "count": 30
        },
        "PushBlock.Losses.PolicyLoss.mean": {
            "value": 0.06999490268718472,
            "min": 0.06566616522761104,
            "max": 0.07385940917638813,
            "count": 30
        },
        "PushBlock.Losses.PolicyLoss.sum": {
            "value": 2.029852177928357,
            "min": 1.8256876933058568,
            "max": 2.1419228661152556,
            "count": 30
        },
        "PushBlock.Losses.ValueLoss.mean": {
            "value": 1.2541462876459304,
            "min": 1.148612244675557,
            "max": 1.5048722872489144,
            "count": 30
        },
        "PushBlock.Losses.ValueLoss.sum": {
            "value": 36.37024234173198,
            "min": 33.30975509559115,
            "max": 43.641296330218516,
            "count": 30
        },
        "PushBlock.Policy.LearningRate.mean": {
            "value": 0.001184590508789514,
            "min": 0.001184590508789514,
            "max": 0.0020531317623315062,
            "count": 30
        },
        "PushBlock.Policy.LearningRate.sum": {
            "value": 0.0343531247548959,
            "min": 0.0343531247548959,
            "max": 0.05871362094287933,
            "count": 30
        },
        "PushBlock.Policy.Epsilon.mean": {
            "value": 0.13948634827586207,
            "min": 0.13948634827586207,
            "max": 0.16843772435897436,
            "count": 30
        },
        "PushBlock.Policy.Epsilon.sum": {
            "value": 4.0451041,
            "min": 4.0451041,
            "max": 4.857120666666668,
            "count": 30
        },
        "PushBlock.Policy.Beta.mean": {
            "value": 0.0039546861927586205,
            "min": 0.0039546861927586205,
            "max": 0.006846928663461538,
            "count": 30
        },
        "PushBlock.Policy.Beta.sum": {
            "value": 0.11468589959,
            "min": 0.11468589959,
            "max": 0.1958063546,
            "count": 30
        },
        "PushBlock.Losses.CuriosityForwardLoss.mean": {
            "value": 0.06707384906730604,
            "min": 0.06707384906730604,
            "max": 0.08839670695652743,
            "count": 30
        },
        "PushBlock.Losses.CuriosityForwardLoss.sum": {
            "value": 1.9451416229518752,
            "min": 1.9451416229518752,
            "max": 2.475107794782768,
            "count": 30
        },
        "PushBlock.Losses.CuriosityInverseLoss.mean": {
            "value": 0.2952081688958081,
            "min": 0.28809217327734693,
            "max": 0.5673095506840738,
            "count": 30
        },
        "PushBlock.Losses.CuriosityInverseLoss.sum": {
            "value": 8.561036897978434,
            "min": 8.126411184285054,
            "max": 16.451976969838142,
            "count": 30
        },
        "PushBlock.IsTraining.mean": {
            "value": 1.0,
            "min": 1.0,
            "max": 1.0,
            "count": 30
        },
        "PushBlock.IsTraining.sum": {
            "value": 1.0,
            "min": 1.0,
            "max": 1.0,
            "count": 30
        }
    },
    "metadata": {
        "timer_format_version": "0.1.0",
        "start_time_seconds": "1741679745",
        "python_version": "3.10.12 | packaged by Anaconda, Inc. | (main, Jul  5 2023, 19:01:18) [MSC v.1916 64 bit (AMD64)]",
        "command_line_arguments": "C:\\Users\\Zakku\\.conda\\envs\\mlagents\\Scripts\\mlagents-learn config/ppo/PushBlock.yaml --run-id=RunWithWallNeg --resume",
        "mlagents_version": "1.1.0",
        "mlagents_envs_version": "1.1.0",
        "communication_protocol_version": "1.5.0",
        "pytorch_version": "2.2.2+cpu",
        "numpy_version": "1.23.5",
        "end_time_seconds": "1741683225"
    },
    "total": 3479.8117206999977,
    "count": 1,
    "self": 0.009834999995291582,
    "children": {
        "run_training.setup": {
            "total": 0.12636680000105116,
            "count": 1,
            "self": 0.12636680000105116
        },
        "TrainerController.start_learning": {
            "total": 3479.6755189000014,
            "count": 1,
            "self": 2.434673200486941,
            "children": {
                "TrainerController._reset_env": {
                    "total": 10.802779900001042,
                    "count": 1,
                    "self": 10.802779900001042
                },
                "TrainerController.advance": {
                    "total": 3466.3392736995156,
                    "count": 83505,
                    "self": 2.050492199652581,
                    "children": {
                        "env_step": {
                            "total": 1342.4909960001514,
                            "count": 83505,
                            "self": 1246.4450985003314,